{
  "id": "3725827",
  "name": "商城项目",
  "font_family": "iconfont",
  "css_prefix_text": "icon-",
  "description": "",
  "glyphs": [
    {
      "icon_id": "30416",
      "name": "comment",
      "font_class": "comment",
      "unicode": "e667",
      "unicode_decimal": 58983
    },
    {
      "icon_id": "30433",
      "name": "deliver",
      "font_class": "deliver",
      "unicode": "e671",
      "unicode_decimal": 58993
    },
    {
      "icon_id": "30437",
      "name": "send",
      "font_class": "send",
      "unicode": "e675",
      "unicode_decimal": 58997
    },
    {
      "icon_id": "32089",
      "name": "filter",
      "font_class": "filter",
      "unicode": "e69c",
      "unicode_decimal": 59036
    },
    {
      "icon_id": "52509",
      "name": "recharge",
      "font_class": "recharge",
      "unicode": "e6ed",
      "unicode_decimal": 59117
    },
    {
      "icon_id": "52510",
      "name": "vipcard",
      "font_class": "vipcard",
      "unicode": "e6ee",
      "unicode_decimal": 59118
    },
    {
      "icon_id": "1493700",
      "name": "message_light",
      "font_class": "message_light",
      "unicode": "e7db",
      "unicode_decimal": 59355
    },
    {
      "icon_id": "1496053",
      "name": "comment_light",
      "font_class": "comment_light",
      "unicode": "e7e0",
      "unicode_decimal": 59360
    },
    {
      "icon_id": "1648169",
      "name": "expressman",
      "font_class": "expressman",
      "unicode": "e7ef",
      "unicode_decimal": 59375
    },
    {
      "icon_id": "29931",
      "name": "favor",
      "font_class": "favor",
      "unicode": "e64c",
      "unicode_decimal": 58956
    },
    {
      "icon_id": "30435",
      "name": "pay",
      "font_class": "pay",
      "unicode": "e673",
      "unicode_decimal": 58995
    },
    {
      "icon_id": "32090",
      "name": "footprint",
      "font_class": "footprint",
      "unicode": "e69d",
      "unicode_decimal": 59037
    },
    {
      "icon_id": "38741",
      "name": "square_check",
      "font_class": "squarecheck",
      "unicode": "e6d6",
      "unicode_decimal": 59094
    },
    {
      "icon_id": "330201",
      "name": "my",
      "font_class": "my",
      "unicode": "e78b",
      "unicode_decimal": 59275
    },
    {
      "icon_id": "330204",
      "name": "my_fill",
      "font_class": "myfill",
      "unicode": "e78c",
      "unicode_decimal": 59276
    },
    {
      "icon_id": "833468",
      "name": "circle_fill",
      "font_class": "circlefill",
      "unicode": "e7b0",
      "unicode_decimal": 59312
    },
    {
      "icon_id": "833469",
      "name": "circle",
      "font_class": "circle",
      "unicode": "e7b1",
      "unicode_decimal": 59313
    },
    {
      "icon_id": "1492012",
      "name": "home_light",
      "font_class": "home_light",
      "unicode": "e7d4",
      "unicode_decimal": 59348
    },
    {
      "icon_id": "1493291",
      "name": "cart_light",
      "font_class": "cart_light",
      "unicode": "e7d6",
      "unicode_decimal": 59350
    },
    {
      "icon_id": "1493652",
      "name": "home_fill_light",
      "font_class": "home_fill_light",
      "unicode": "e7d8",
      "unicode_decimal": 59352
    },
    {
      "icon_id": "1493653",
      "name": "cart_fill_light",
      "font_class": "cart_fill_light",
      "unicode": "e7d9",
      "unicode_decimal": 59353
    }
  ]
}
